site_id,slot,energy_wh_mean,energy_wh_median,cfp_g_mean,cfp_g_median,n_days
site_ad3433ffac,0,156.3803945060402,89.23696961805555,74.2139130886657,7.627113724999999,80
site_ad3433ffac,1,189.18997682335103,104.76115798523826,118.38086004032702,9.284036461478957,87
site_ad3433ffac,2,234.2379565264059,130.3275564236111,122.83227664242699,20.141346003472226,87
site_ad3433ffac,3,182.45113001724013,110.03120746527776,87.97453510083402,13.808414841666664,87
site_ad3433ffac,4,181.69695548228972,93.2096779513889,115.47153200981548,16.342096782812497,91
site_ad3433ffac,5,208.23105124050198,126.11212065972222,109.96287186722189,13.417387433333332,93
site_ad3433ffac,6,182.36951613576218,138.1480416666666,95.32525600052234,13.396824608333327,93
site_ad3433ffac,7,210.0830520162171,127.2150954643975,96.01340235035309,13.262090878219391,93
site_ad3433ffac,8,161.64780604605698,126.89302039930557,78.23978394236856,13.52216351416633,92
site_ad3433ffac,9,178.1247419615787,111.45021657986109,93.6460599506827,12.855773495833333,94
site_ad3433ffac,10,167.42498633485405,145.93741840277778,80.390333783452,15.008864295833334,93
site_ad3433ffac,11,180.0452785966898,111.6701953125,95.44846123931816,19.42989587597213,93
site_ad3433ffac,12,192.5703563059316,133.65557465277777,101.12884686238851,26.510579470382385,95
site_ad3433ffac,13,178.89016550528723,109.62526432291665,101.6619245742624,13.296853870833335,100
site_ad3433ffac,14,211.72374916591104,140.41501736111113,126.88499257248418,19.272164503472226,97
site_ad3433ffac,15,211.2186653876476,129.75011003216113,129.2767065269062,12.561725184895828,97
site_ad3433ffac,16,215.66289912889107,150.99075347222225,118.19810639358113,14.731722123463614,98
site_ad3433ffac,17,233.3304615870534,156.98108680555558,136.82090045544538,15.864205554166666,99
site_ad3433ffac,18,222.72797734953025,156.00992259035476,137.09625355163598,16.590147670833336,97
site_ad3433ffac,19,217.48540650678748,146.5934509548611,121.5772776262406,15.048199220833332,94
site_ad3433ffac,20,228.37004138500967,149.91186371527778,117.98196817770634,16.657197229166663,97
site_ad3433ffac,21,221.65708006476723,136.0598628472222,124.15177804446394,18.70017214236111,97
site_ad3433ffac,22,194.9521434515488,149.39037524790928,104.91526817088008,19.16655892916667,97
site_ad3433ffac,23,210.63862625484683,151.7794218749999,114.71517292882234,22.033426326041663,97
site_ad3433ffac,24,231.15005862528633,162.80715538194443,174.75073324039045,18.931741441666667,97
site_ad3433ffac,25,255.91147047473996,178.41029036458337,157.0483544020321,17.64391864583333,98
site_ad3433ffac,26,252.32991561067686,159.95498115059007,155.8659307873443,28.558646270566975,99
site_ad3433ffac,27,293.41200004303323,197.33498305034038,230.30812631171062,27.96968258144483,100
site_ad3433ffac,28,251.10464890811485,191.4434942752048,159.74061903730262,21.47151042962781,99
site_ad3433ffac,29,248.3862713653588,174.7135548706475,161.09062557542,21.255824431696063,102
site_ad3433ffac,30,222.7528378694645,187.70709461805558,139.1233085689681,19.072502447916662,102
site_ad3433ffac,31,234.37274431267156,214.71917499064904,131.88490068275073,18.867285790624997,100
site_ad3433ffac,32,279.44601262443456,197.5835946180556,141.22247529008726,27.637139337500003,101
site_ad3433ffac,33,233.79179011007827,164.69000086805553,129.07395871449393,16.12876408757409,102
site_ad3433ffac,34,280.47222077790275,222.6391779513889,148.49815702171335,25.31947446875,101
site_ad3433ffac,35,267.36863745626323,214.09706930456707,159.8702529478331,18.66754516241319,100
site_ad3433ffac,36,268.82790760874457,176.3396934780992,162.88417892853155,22.18843585529514,102
site_ad3433ffac,37,281.0220836030706,218.4536909722222,157.3433560781254,32.282988800520826,98
site_ad3433ffac,38,271.39928964453304,205.98059201388884,155.2798697212316,34.88078835694445,101
site_ad3433ffac,39,268.34622128544953,223.361125,159.37172149729489,21.11526870590277,99
site_ad3433ffac,40,278.99275772919884,190.3787143462668,165.81484198933575,25.383672693198697,98
site_ad3433ffac,41,267.4586623829531,180.41753406852467,165.40949747758185,26.64842265625,98
site_ad3433ffac,42,216.996567749845,178.50213715277778,119.9739933978467,34.119675260954175,96
site_ad3433ffac,43,257.87511802686953,182.93293221028728,144.89105045750105,29.092520190104167,96
site_ad3433ffac,44,286.8739924046737,225.57768402777785,176.24753195994853,21.39513076918403,93
site_ad3433ffac,45,357.32362760622505,269.7306319444443,206.5184001663942,36.06432490985125,93
site_ad3433ffac,46,300.3880167161007,207.97876317369924,161.5020849798104,29.81319005989947,96
site_ad3433ffac,47,244.6287888276961,210.22661892361108,142.4266755772726,34.42287213125,97
site_ad3433ffac,48,278.9732725090193,193.93135677083333,157.19563937118758,39.15714962690973,97
site_ad3433ffac,49,328.59572798204545,261.54271875,221.81029719584154,36.01875870368741,95
site_ad3433ffac,50,264.7701051914168,226.43239279513887,139.10394191568656,36.56544365003213,96
site_ad3433ffac,51,312.12052799349226,222.16394184027783,153.01927138867026,48.345648202496974,96
site_ad3433ffac,52,285.1741175141249,224.2148853512612,151.6544094601566,33.57555705577262,96
site_ad3433ffac,53,356.9135456419517,236.14458072916665,173.96136589748255,41.6331965875,96
site_ad3433ffac,54,270.31434073611535,207.6070850694444,168.43266769280913,34.60332910416667,97
site_ad3433ffac,55,266.55034614298813,154.99539862783834,172.9875496970536,31.653303015562436,98
site_ad3433ffac,56,257.7268540488097,172.07023090277778,128.0090892309881,32.60163249583334,99
site_ad3433ffac,57,276.2801777206876,222.33084461805555,139.72039343446625,55.2960015625,99
site_ad3433ffac,58,277.3621449942484,205.5516775173611,156.17808294888715,41.40257394529053,98
site_ad3433ffac,59,307.76872387567295,235.23992621527782,180.89961637917764,49.58275491170315,98
site_ad3433ffac,60,292.62738498357965,243.82966740418044,165.3653336663658,50.990943489549,101
site_ad3433ffac,61,287.27579456274157,229.88326909722224,147.93108620605923,40.99249471875001,101
site_ad3433ffac,62,288.5424944254649,222.29069791666666,133.55185163738872,36.25931604227431,100
site_ad3433ffac,63,267.03171942506873,207.45080989583332,141.06371419030285,36.0856307875,99
site_ad3433ffac,64,270.38905929145557,224.37096927361927,139.14534129351912,32.12815153436226,96
site_ad3433ffac,65,247.37908366919424,173.75421961805557,128.05876423225075,36.236797529207045,98
site_ad3433ffac,66,241.5129391351807,187.54930121527772,142.8841828733062,34.080653298611104,99
site_ad3433ffac,67,227.9791827037634,171.4749001736111,111.0575304407288,30.68896254496528,97
site_ad3433ffac,68,266.33334365475025,202.6147560763889,144.5067402858486,31.22844378399182,99
site_ad3433ffac,69,287.93955549371947,224.42596790010927,166.6240759802738,32.66257779351316,99
site_ad3433ffac,70,227.802136224956,191.98605432583804,117.26689505125852,24.28028587006586,98
site_ad3433ffac,71,238.2835941472847,180.1229162326389,119.03884008143221,31.213637013531695,98
site_ad3433ffac,72,272.9107024582272,172.29325045302312,133.01483143667537,30.34856649979678,98
site_ad3433ffac,73,353.6589473550884,226.57225564236117,219.2082183963315,31.037797831250003,98
site_ad3433ffac,74,232.5218665636699,175.7655094884804,128.45854578349946,14.128142977083334,98
site_ad3433ffac,75,240.16573889032006,165.56176851361,129.58092155471905,18.762568253559028,97
site_ad3433ffac,76,216.96954975835266,146.64343594820133,128.77834682267147,17.241655634461804,98
site_ad3433ffac,77,197.6901393132673,140.95035366196402,110.93934578445375,20.340709271701385,99
site_ad3433ffac,78,231.72135727486412,157.4463845486111,146.67923120696605,17.3803419112709,99
site_ad3433ffac,79,206.15495780374303,162.3439340277778,123.29597378966261,25.7841664375,97
site_ad3433ffac,80,209.5966796200274,147.27212250761852,125.27097863249118,20.368438321875,99
site_ad3433ffac,81,220.1221741779658,152.31815581597226,128.87777215311903,16.808425958333334,98
site_ad3433ffac,82,219.59200062470688,134.12107725694446,120.47203686844341,23.075300212971843,99
site_ad3433ffac,83,222.56970774482903,170.78175911458334,108.41815209227973,25.24741433385769,98
site_ad3433ffac,84,198.86080024126758,125.41280295138888,81.99972492148466,18.9784021875,97
site_ad3433ffac,85,171.51832267187038,122.01237955869637,86.99619284840017,14.174466658333332,97
site_ad3433ffac,86,160.44099799758965,103.14051350626349,85.97704509178794,10.226318754166666,96
site_ad3433ffac,87,182.0646322141142,104.84001302083334,101.1917906194616,15.710448964583332,96
site_ad3433ffac,88,190.53237227399117,113.97275260416669,105.53694281252447,15.457025196180554,97
site_ad3433ffac,89,166.59029328873376,90.07331797882551,103.05267732351439,16.35950780612689,96
site_ad3433ffac,90,169.211811319935,88.69903124999999,123.27738822918919,14.920032156250002,93
site_ad3433ffac,91,144.570273330717,68.56952083333331,91.1885242692713,12.957678105555557,97
site_ad3433ffac,92,161.24390736458625,96.67940735508816,101.28489920339125,15.08633568636356,86
site_ad3433ffac,93,179.51070010458847,100.7864487847222,87.57587189497951,27.920976008333334,83
site_ad3433ffac,94,192.6123353015574,90.02599869791666,124.38198335734533,16.952168465672635,86
site_ad3433ffac,95,147.09455275524368,70.4120056423611,65.35801067643636,11.540514002256941,86
site_e726c7cce5,0,210.7718069540027,67.59566449652779,68.67928830340118,8.981469140972221,79
site_e726c7cce5,1,275.94688814028126,76.06283658854167,107.37307249881691,11.794887358593751,88
site_e726c7cce5,2,198.8193004723924,102.68971961805556,68.50057666743129,10.27897552317708,89
site_e726c7cce5,3,191.96578739074312,78.45506194865703,48.32139175348148,12.667789614047273,88
site_e726c7cce5,4,164.63765015275345,93.0324939236111,57.21466534316514,11.752654366493056,89
site_e726c7cce5,5,232.87681755897492,118.22717838541668,69.87059278037418,19.94748680980902,93
site_e726c7cce5,6,191.6355648823544,125.3734661458333,50.38041825855008,19.984515571440973,93
site_e726c7cce5,7,194.43235410333213,113.22825156190065,43.68830990418538,14.774797953218227,94
site_e726c7cce5,8,183.25264775042638,97.98124739583336,48.33102044394805,12.069308694704862,93
site_e726c7cce5,9,186.0093525557891,93.25888585069444,52.24366211544879,12.84803611634068,94
site_e726c7cce5,10,172.00447826698323,118.35728434097891,43.461276008892185,11.683526007769096,96
site_e726c7cce5,11,160.41267458988565,93.92819354868413,47.50027508808471,10.924299749274542,96
site_e726c7cce5,12,188.46293430027615,91.39785720486111,44.30067759469506,11.67585410243407,94
site_e726c7cce5,13,182.22301082128078,102.34962065972222,46.50314134778214,14.727140331978102,96
site_e726c7cce5,14,200.47666326810312,102.92766319444445,67.1537399643998,16.768172046961805,98
site_e726c7cce5,15,180.36545154152304,107.33425520833332,82.42956044474434,12.004860561412643,93
site_e726c7cce5,16,198.18918338476985,109.91203342013888,96.71685178010134,14.717772047829865,97
site_e726c7cce5,17,203.1269409692042,102.52327100153997,67.8679992810962,13.587963276559295,98
site_e726c7cce5,18,189.91430179375686,128.80132774399792,77.15725348257423,16.706101136182863,98
site_e726c7cce5,19,190.40248696872789,109.67234977679725,76.1663607102775,13.445673712673614,100
site_e726c7cce5,20,203.29547154535868,123.04845225694447,75.1274269856999,14.298603127387153,100
site_e726c7cce5,21,203.35035160346627,125.92683072916664,93.74154872008896,14.817339512499998,99
site_e726c7cce5,22,208.8880853367608,120.25757725694443,80.54353849460857,19.93741763930652,98
site_e726c7cce5,23,207.61889289971413,135.12641124131943,71.2669770313508,20.65776788042899,98
site_e726c7cce5,24,222.5888327411837,133.7454589468109,150.68937140078225,16.92224919369766,100
site_e726c7cce5,25,229.68537288274683,174.42474479166665,67.91633007624664,27.81455359128658,102
site_e726c7cce5,26,285.8404777486505,179.79294921874992,127.10929992285719,30.93805449809027,99
site_e726c7cce5,27,268.36597486462796,167.07373437500007,150.41168356550935,26.51367129809028,103
site_e726c7cce5,28,300.72063260738076,179.8052842881944,161.36650061174922,28.321724884201384,101
site_e726c7cce5,29,257.92423629864527,189.93640733506945,147.93242057195906,22.35370191360679,104
site_e726c7cce5,30,241.26522883454416,188.9374500868055,125.61682519645399,23.657724468689267,103
site_e726c7cce5,31,222.72686477719986,188.7324580128847,83.55017145658363,30.267594201160712,103
site_e726c7cce5,32,263.58190476362313,173.65658919270834,81.24335147930783,28.015878005772574,102
site_e726c7cce5,33,225.3608856684782,159.06976432291668,84.630764274895,24.872080209083077,104
site_e726c7cce5,34,281.48827468933007,204.38820203993058,113.29997585370529,26.213992122395837,104
site_e726c7cce5,35,270.7371940981891,179.00451388888888,109.25742129293933,22.111253341400882,104
site_e726c7cce5,36,349.4846732286077,165.87813975694442,132.1234135165144,22.61752299259745,103
site_e726c7cce5,37,407.44572692110467,190.62788809125624,126.22557152144807,23.054065422439237,102
site_e726c7cce5,38,278.7565837468323,151.36833485243056,87.95394313160402,20.031082921857298,106
site_e726c7cce5,39,390.3071844916057,168.8847380642361,115.54474356092825,28.132742401519096,102
site_e726c7cce5,40,400.0992720433873,165.4062174479167,116.80912817343516,24.913002842272427,104
site_e726c7cce5,41,465.12800437253486,191.63134244791664,113.74643477759031,29.282765127839024,101
site_e726c7cce5,42,339.78909924539954,162.2239735243056,91.02885987328727,30.51211637274305,101
site_e726c7cce5,43,509.62331925689864,174.74684461805552,127.5479433145811,24.386902457909095,100
site_e726c7cce5,44,416.47034389807783,189.48515820312502,123.71476110051037,29.080619942363448,100
site_e726c7cce5,45,412.127804499749,201.4022356770833,131.61246464084238,33.14395834682588,99
site_e726c7cce5,46,293.62179490219336,170.96198992737226,94.2211852984219,29.744991243630366,102
site_e726c7cce5,47,245.0741463087852,184.3735130208333,85.7068801133977,27.798955049714692,102
site_e726c7cce5,48,274.0812537648424,188.75762051757735,99.39804559548652,31.87752059895833,103
site_e726c7cce5,49,326.8937749155353,199.28658637152776,146.41613776455392,30.4391915875,99
site_e726c7cce5,50,240.10226639655264,180.3724782986111,76.1567061414698,37.867087862673614,99
site_e726c7cce5,51,312.078853289019,201.28846462673613,87.86146004141926,37.06829987504091,98
site_e726c7cce5,52,298.04276979603975,221.1240737847222,99.66814958941659,46.25413712163339,99
site_e726c7cce5,53,317.070241364197,192.38483044027925,120.32669859110594,35.70577427358296,102
site_e726c7cce5,54,277.7941454535273,202.10327951388888,138.24118770075785,37.285466218315975,99
site_e726c7cce5,55,297.9066037765499,141.59087131076387,118.35373338485446,30.305458025028702,102
site_e726c7cce5,56,260.5748963869079,141.4949357638889,114.21280303345958,35.49592024160613,103
site_e726c7cce5,57,311.32195855292014,187.3328786892361,91.89932742706655,43.6538299679562,102
site_e726c7cce5,58,412.2449455057017,157.91343923611112,134.12336192296874,34.10893185079892,103
site_e726c7cce5,59,323.9275727884661,160.61110677083332,124.323166594328,35.125132171875,103
site_e726c7cce5,60,343.90237869325915,202.12543970379556,105.20862752999113,33.49226352615017,102
site_e726c7cce5,61,277.1554369683426,187.78445133208749,81.604306111946,31.22033719917534,104
site_e726c7cce5,62,324.13053378457903,146.71048307291667,105.38822782255481,33.95311687699653,103
site_e726c7cce5,63,274.0952356509897,167.3805202076503,101.14422549324047,26.863792406250003,103
site_e726c7cce5,64,267.7715258682854,144.77782118055558,84.71973525089503,24.541027427732026,99
site_e726c7cce5,65,235.29980475632337,148.54697707376675,86.22925472964475,34.01863138036546,102
site_e726c7cce5,66,252.78411997151755,165.08702235243055,106.2378048784327,32.8143756891878,102
site_e726c7cce5,67,249.5409624212969,151.12147820523148,73.22903350475944,30.843708683289925,100
site_e726c7cce5,68,309.56143721180445,190.6633216145833,104.59158556473191,39.28038863802082,101
site_e726c7cce5,69,271.6314565153356,185.27826953125003,98.91644737942073,46.62523661891528,102
site_e726c7cce5,70,219.8711871202777,150.06952300347226,75.62214474334726,35.71728573012153,103
site_e726c7cce5,71,236.79173670964767,159.40080272099442,83.53645187949203,33.83895331616753,100
site_e726c7cce5,72,278.15380542936947,145.96688085937498,83.54517230134896,35.724118066352545,100
site_e726c7cce5,73,374.97562421863194,175.00410223975908,169.5927059046202,29.30491813513455,100
site_e726c7cce5,74,246.53919880523716,120.90836024305553,94.44061113859405,20.59811995390625,101
site_e726c7cce5,75,228.37178443735417,141.17584288194445,91.8341793966146,29.201723040690105,98
site_e726c7cce5,76,253.2585121586591,127.34599956597219,120.76339289574426,21.519615968046452,100
site_e726c7cce5,77,254.83554039716495,119.2615775244713,94.59648229230855,23.27008575833192,100
site_e726c7cce5,78,248.01895220660853,125.46046267361108,107.44879218074574,19.498051656770837,101
site_e726c7cce5,79,215.79754257062245,115.14718635590364,96.39331417832341,25.025255936284715,98
site_e726c7cce5,80,208.15175868783405,116.99911111111112,89.08797406525579,21.32554817855903,99
site_e726c7cce5,81,230.85546072311487,110.97886176215277,124.96398366259449,22.703916090028827,100
site_e726c7cce5,82,194.0639334855418,114.12614366319444,75.96187987425184,26.885825281250007,99
site_e726c7cce5,83,207.78844458434907,142.30453732638892,68.17357007886653,22.129938432899305,99
site_e726c7cce5,84,190.95528162398867,90.73693619791665,65.2749619729391,15.474708609852428,100
site_e726c7cce5,85,178.45250368643215,115.44476215277778,61.961802708518945,22.488502779166662,97
site_e726c7cce5,86,198.81898879549502,95.5802328559028,76.50841487922204,17.05076195398941,98
site_e726c7cce5,87,210.13725864733655,104.93624023437499,71.39049978614729,17.74543453229166,98
site_e726c7cce5,88,219.9703305505831,75.83427734375002,89.75182287148981,11.095305562760416,98
site_e726c7cce5,89,217.07577758038408,82.16454600694443,96.38254383266582,14.941644802777782,97
site_e726c7cce5,90,194.09093972345045,82.03008420138889,83.02039775323978,11.824069136979167,99
site_e726c7cce5,91,224.22016794726926,63.25183268229166,84.45487969457496,15.899849852604167,96
site_e726c7cce5,92,233.36713662881775,76.47583138020833,91.67623711998185,15.34957173658854,86
site_e726c7cce5,93,242.43534567775833,114.2519769965278,88.82466938576248,20.163826175941693,85
site_e726c7cce5,94,221.94998843528268,85.7550092120938,78.2317787741872,13.767647192881942,88
site_e726c7cce5,95,192.46493378415437,81.90817057291665,65.64009882464784,11.76185818342014,87
site_f5bcf8a88a,0,171.58753189336036,78.5271581607918,60.168461899792774,7.666111718029014,82
site_f5bcf8a88a,1,169.9878696923431,98.27169618055557,63.09365088436601,8.7606988940625,92
site_f5bcf8a88a,2,180.36343663926192,100.04712041930476,66.36020753924669,13.501739382291671,92
site_f5bcf8a88a,3,185.75646528019007,97.14192274305556,64.3113024758053,10.469069182916666,91
site_f5bcf8a88a,4,172.96097189997323,93.49197222222222,67.36825291721601,10.035010848958333,95
site_f5bcf8a88a,5,180.7528528523341,93.90545933561955,66.0595879649829,11.448695458641344,96
site_f5bcf8a88a,6,166.7403551286431,113.94518232772351,50.292407154666286,10.228245290312499,94
site_f5bcf8a88a,7,172.1919906883548,112.60348160773285,47.81257286009179,12.141449666979165,98
site_f5bcf8a88a,8,155.63250930932338,100.89763281947111,53.35721896985315,10.450003749999995,97
site_f5bcf8a88a,9,172.94222565822724,105.16514385673304,60.717297624170385,10.0317063321875,96
site_f5bcf8a88a,10,183.6676094221396,118.39518967013885,65.15942009802093,13.85013423558939,98
site_f5bcf8a88a,11,188.64350058858315,109.56589236111112,63.2604185130279,12.19035660379355,99
site_f5bcf8a88a,12,204.4158926366092,148.63430642361106,59.16014779597236,16.354156847363697,99
site_f5bcf8a88a,13,188.6618711407437,130.67018272569445,66.25342767305993,11.926591238019709,98
site_f5bcf8a88a,14,202.44189977055197,119.6882731125752,77.16719646642625,11.889894415208332,97
site_f5bcf8a88a,15,204.86341824208182,123.64764843749998,81.71209642443367,13.951751508256866,97
site_f5bcf8a88a,16,200.18930911407477,156.71935286458336,59.46549722104715,14.783536595160593,98
site_f5bcf8a88a,17,218.2619521329642,168.39075140501362,75.47133225522094,16.691534894375003,97
site_f5bcf8a88a,18,226.7512196284908,182.53102710337708,97.81815209573774,14.8302220015697,98
site_f5bcf8a88a,19,207.5661213985899,144.8815855034722,76.827700962738,13.528508852482842,98
site_f5bcf8a88a,20,230.84628782942272,172.97802604166668,82.56815219404622,13.783071834583328,99
site_f5bcf8a88a,21,237.49872243042483,170.4620084928052,86.46203526771937,20.64062410361111,100
site_f5bcf8a88a,22,259.30725815774707,178.63854991319442,85.67055080934558,20.857783242473232,100
site_f5bcf8a88a,23,243.27398531794967,184.78474250933243,88.81658566404336,19.490845092057057,100
site_f5bcf8a88a,24,271.66306192014906,179.306571695128,190.75149310598866,15.85575397592976,99
site_f5bcf8a88a,25,281.28988542268,201.9508567708333,118.7549853699069,14.499543036267362,101
site_f5bcf8a88a,26,282.94418873635607,188.2467239583333,122.36954200399298,21.70578988479167,103
site_f5bcf8a88a,27,298.47581401982393,194.2997742164413,156.61340098878884,30.107111613866344,103
site_f5bcf8a88a,28,277.06384446947465,214.6054253472224,123.47214626811133,25.93526707183572,103
site_f5bcf8a88a,29,251.12873704307734,164.36900260416664,122.8934514998127,19.84754488855671,104
site_f5bcf8a88a,30,227.13267870106145,167.58742230902777,114.5875181354917,16.696359265208333,104
site_f5bcf8a88a,31,227.75756292055692,185.8795030381944,110.82090587723127,13.311069727460943,104
site_f5bcf8a88a,32,231.3313865745251,167.59145833333332,88.90772747744462,21.29740240260417,104
site_f5bcf8a88a,33,222.93303534829462,176.98620658438574,96.72096768763294,15.397848729852429,104
site_f5bcf8a88a,34,275.66628513454606,190.3893350694445,103.26871046686352,19.28254432041666,105
site_f5bcf8a88a,35,263.2928325317237,201.9424298514913,96.95820726100375,18.70371354498277,103
site_f5bcf8a88a,36,239.04251051952983,164.93565625000002,101.8019140054355,16.60547767770833,105
site_f5bcf8a88a,37,278.76185029683717,203.53013953803185,128.3319355177051,16.232645116875,103
site_f5bcf8a88a,38,299.1776272060873,175.52492639489668,115.82257033351351,23.15712409204685,105
site_f5bcf8a88a,39,288.0455281659162,194.53445185257493,137.86152373233347,21.124583588233506,104
site_f5bcf8a88a,40,277.791035127292,163.47931423611112,130.18650979559075,16.155893290720485,103
site_f5bcf8a88a,41,262.0886578098008,190.5866427951389,131.4327127728303,22.96618813548311,102
site_f5bcf8a88a,42,243.29683097815786,176.9273020833333,107.83995649999872,22.093698815096538,99
site_f5bcf8a88a,43,284.6402430436773,195.5075889756945,128.8683658686723,19.892000948407123,100
site_f5bcf8a88a,44,291.02072556122545,211.9207944825465,116.32354762561103,20.358878952928876,100
site_f5bcf8a88a,45,348.99908938070456,241.83911848958337,162.86946997552346,30.96868395013454,100
site_f5bcf8a88a,46,320.3542379249312,247.4709904513889,134.0861529378983,25.328221544999984,99
site_f5bcf8a88a,47,288.49524299696645,245.3614227430556,130.24207755944087,19.210836738480904,99
site_f5bcf8a88a,48,324.14752047750903,239.3777836900221,134.03104179100725,26.698692012838556,98
site_f5bcf8a88a,49,357.6727819694446,242.57401159590546,165.70508407909293,30.83333224749508,100
site_f5bcf8a88a,50,292.4870005169503,251.64081336805555,93.2257827277453,33.575296307500004,101
site_f5bcf8a88a,51,325.566088871126,245.70831941877307,99.3209833474262,34.48823930365188,100
site_f5bcf8a88a,52,312.31144212331753,243.90669744777176,113.96416824648004,23.4053969375,101
site_f5bcf8a88a,53,324.52265888829913,252.47045052083337,114.45084020287567,20.9119505237838,101
site_f5bcf8a88a,54,272.30826100666764,219.65365364583332,113.1760830730112,29.5842771105373,101
site_f5bcf8a88a,55,288.51632673184133,169.37326475694445,132.65984176986862,20.953680588958346,103
site_f5bcf8a88a,56,253.88080026294986,217.17590885416664,111.94636099821581,20.72117848395834,101
site_f5bcf8a88a,57,271.4040491460669,199.55570109952075,102.38685319621,23.778660174231852,102
site_f5bcf8a88a,58,254.8198924852658,210.81484251018503,104.46336134577844,25.299424058973543,101
site_f5bcf8a88a,59,269.35721492994594,208.3848985649688,119.87674370091642,23.08442664907117,101
site_f5bcf8a88a,60,256.67016877975726,182.98888988133643,112.37530939144881,20.336057692500003,103
site_f5bcf8a88a,61,238.06210436294378,172.6063983780131,97.90216925128352,25.483996923993054,102
site_f5bcf8a88a,62,270.4731536486741,213.63645874719063,113.34244649739395,16.612748000000014,103
site_f5bcf8a88a,63,285.74423499925143,227.5584991319444,121.7177437047243,23.768858,101
site_f5bcf8a88a,64,249.0633705807172,198.90374652777774,101.16925594738801,25.777772929657527,100
site_f5bcf8a88a,65,240.2960562127246,197.70509418402779,97.61747561908604,24.833607655716143,100
site_f5bcf8a88a,66,236.56131240264685,180.3450694444445,97.38124103014029,22.389303406250008,101
site_f5bcf8a88a,67,238.2419687045192,186.01539713541672,93.24768119612368,20.887997453214542,102
site_f5bcf8a88a,68,264.8302334139734,206.51945429681456,113.9266416549563,28.165694773496803,102
site_f5bcf8a88a,69,255.36220101039115,188.2722734375,110.38517401244772,19.5075218545052,101
site_f5bcf8a88a,70,224.8554372325389,189.5226345486111,95.24742991167054,20.79242149788356,100
site_f5bcf8a88a,71,221.26916127775715,181.5586238888456,88.64652044898855,16.08107860969543,101
site_f5bcf8a88a,72,272.74804416680985,195.13831857638897,93.80330708808684,21.489772506564574,101
site_f5bcf8a88a,73,262.6159718942362,165.2973932291666,145.5127799128503,16.479744359374997,102
site_f5bcf8a88a,74,206.66408976582116,153.12089930555558,91.32904784451283,12.766665028333337,102
site_f5bcf8a88a,75,202.89525968426096,148.46598003472224,93.25711517702764,18.759575022387853,101
site_f5bcf8a88a,76,199.05742655622538,151.68475886010137,88.04021418149784,17.26520928371632,102
site_f5bcf8a88a,77,200.30479951889566,143.18686517802377,90.86658573114507,21.04933134886464,100
site_f5bcf8a88a,78,211.29610278179203,152.10106770833335,89.74491548025209,16.529385629290935,99
site_f5bcf8a88a,79,194.36881452245683,150.25364534230602,102.52984608156352,12.241074159435769,99
site_f5bcf8a88a,80,195.00810998289958,142.56216145833332,94.9199794191751,16.45095919041667,99
site_f5bcf8a88a,81,206.08344082456307,123.99575988088613,95.646340753381,12.634290650208335,101
site_f5bcf8a88a,82,213.35145298608361,113.53392621527776,88.1370537082284,13.8133611144184,101
site_f5bcf8a88a,83,211.05690186575134,133.01138802083332,82.32665494180246,13.270784371605902,99
site_f5bcf8a88a,84,200.5904264081014,118.95693229166666,74.50520558473399,13.144374417491315,99
site_f5bcf8a88a,85,188.3051225116064,141.72430265224415,78.38011662572609,22.56830586460504,98
site_f5bcf8a88a,86,173.27863756983677,118.08998709769054,71.8421634746207,9.83844534692708,99
site_f5bcf8a88a,87,202.6324987603349,110.65785691150592,77.54389721036388,12.540150918299643,96
site_f5bcf8a88a,88,199.24921151528378,114.5538411458333,79.25960378673497,11.017037026111112,101
site_f5bcf8a88a,89,185.30735232674328,108.26802473958332,75.95791621792479,14.29005325905627,100
site_f5bcf8a88a,90,167.0260970009696,86.51998552387387,75.87475484271819,8.276005981145833,100
site_f5bcf8a88a,91,165.38079759462974,83.50822482638888,89.31638403382638,15.862931784791662,97
site_f5bcf8a88a,92,146.64763187831335,66.96100868055555,65.62948080083555,12.785863921875002,90
site_f5bcf8a88a,93,179.36601552485746,94.69327083333334,72.0057080846547,15.173897346236979,86
site_f5bcf8a88a,94,195.02610507264205,99.00002654645807,75.1249928101927,9.932753230086805,87
site_f5bcf8a88a,95,151.64981252868012,77.0496193576389,53.26670734963101,11.270182579352507,88
